"#","Reference","Qty","Value","Footprint","DNP","CatNo","MfgNo"
"1","C1, C2, C3, C4, C5, C6, C8, C9, C11, C12, C14, C15, C17, C18, C20, C21, C23, C24, C26, C27, C29, C30, C31, C32","24","1uF","Capacitor_SMD:C_0603_1608Metric","","445-173625-1-ND","C1608X7R1V105K080AE"
"2","C7, C10, C13, C16, C19, C22, C25, C28","8","1.6pF","Capacitor_SMD:C_0603_1608Metric","","478-KGQ15ACG2D1R6BTCT-ND","KGQ15ACG2D1R6BT"
"3","J1, J2, J3","3","Conn_01x01_Pin","TestPoint:TestPoint_THTPad_1.0x1.0mm_Drill0.5mm","","",""
"4","J4","1","Conn_02x17_Odd_Even","samtec:SHF-117-01-X-D-SM","","SAM9921-ND","SHF-117-01-L-D-SM"
"5","J5","1","Conn_02x18_Odd_Even","samtec:SAMTEC_SFMC-118-02-L-D","","SFMC-118-02-S-D-ND","SFMC-118-02-S-D"
"6","N1","1","Housing","AA_Hammond:1551QGY","","HM1128-ND","1551QGY"
"7","R2, R4, R6, R8, R10, R12, R14, R16","8","1.0MEG","Resistor_SMD:R_0603_1608Metric","","A121559CT-ND","CRG0603F1M0"
"8","U1, U2, U3, U4","4","ADA4001-2","Package_SO:SO-8_3.9x4.9mm_P1.27mm","","ADA4001-2ARZ-R7CT-ND","ADA4001-2ARZ-R7"
"9","U13, U14, U15, U16, U17, U18, U19, U20","8","RT9058","Package_TO_SOT_SMD:SOT-23","","1028-1254-1-ND","RT9058-50GV"
